{
    "Accuracy": 0.875,
    "Precision": 0.839622641509434,
    "Recall": 0.9175257731958762,
    "F1": 0.8768472906403941
}
